timestamp,name,algo,seed,base_reward,robust,sin_cos,num_timesteps,train_time_s,train_time_min,mean_reward
2026-06-17T22:18:08,a2c_baseR,a2c,42,True,False,False,350000,893.3,14.89,26.75
2026-06-17T22:27:33,a2c_baseR,a2c,43,True,False,False,350000,563.8,9.4,44.367
2026-06-17T22:40:08,a2c_baseR,a2c,44,True,False,False,375000,754.0,12.57,96.702
2026-06-17T22:48:59,a2c_baseR,a2c,45,True,False,False,350000,530.1,8.83,97.131
2026-06-17T22:57:27,a2c_baseR,a2c,46,True,False,False,350000,507.9,8.47,97.064
2026-06-17T23:08:24,a2c_baseR,a2c,47,True,False,False,450000,655.7,10.93,55.961
2026-06-17T23:26:12,a2c_tunedR,a2c,42,False,False,False,350000,1064.3,17.74,26.75
2026-06-17T23:36:42,a2c_tunedR,a2c,43,False,False,False,350000,628.3,10.47,97.139
2026-06-17T23:50:41,a2c_tunedR,a2c,44,False,False,False,375000,838.5,13.97,97.067
2026-06-17T23:59:17,a2c_tunedR,a2c,45,False,False,False,350000,515.6,8.59,96.986
2026-06-18T00:18:03,a2c_tunedR,a2c,46,False,False,False,425000,1124.1,18.73,97.064
2026-06-18T00:47:35,a2c_tunedR,a2c,47,False,False,False,350000,1771.5,29.52,96.292
2026-06-18T01:25:28,a2c_baseR_sincos,a2c,42,True,False,True,350000,904.0,15.07,26.755
2026-06-18T01:40:37,a2c_baseR_sincos,a2c,43,True,False,True,350000,905.0,15.08,26.758
2026-06-18T01:55:47,a2c_baseR_sincos,a2c,44,True,False,True,350000,907.3,15.12,26.749
2026-06-18T02:10:58,a2c_baseR_sincos,a2c,45,True,False,True,350000,907.9,15.13,26.757
2026-06-18T02:24:25,a2c_baseR_sincos,a2c,46,True,False,True,350000,803.5,13.39,26.755
2026-06-18T02:32:45,a2c_baseR_sincos,a2c,47,True,False,True,350000,499.7,8.33,101.932
2026-06-18T02:48:04,a2c_tunedR_sincos,a2c,42,False,False,True,350000,915.8,15.26,26.755
2026-06-18T03:03:16,a2c_tunedR_sincos,a2c,43,False,False,True,350000,908.4,15.14,26.758
2026-06-18T03:13:08,a2c_tunedR_sincos,a2c,44,False,False,True,350000,589.2,9.82,26.749
2026-06-18T03:28:27,a2c_tunedR_sincos,a2c,45,False,False,True,350000,915.9,15.27,26.757
2026-06-18T03:37:11,a2c_tunedR_sincos,a2c,46,False,False,True,350000,523.3,8.72,94.093
2026-06-18T03:45:40,a2c_tunedR_sincos,a2c,47,False,False,True,350000,508.2,8.47,97.256
2026-06-18T03:55:18,a2c_baseR_sincos_robust,a2c,42,True,True,True,350000,574.2,9.57,26.755
2026-06-18T04:08:10,a2c_baseR_sincos_robust,a2c,43,True,True,True,600000,771.7,12.86,96.698
2026-06-18T04:21:28,a2c_baseR_sincos_robust,a2c,44,True,True,True,600000,797.5,13.29,94.148
2026-06-18T04:37:52,a2c_baseR_sincos_robust,a2c,45,True,True,True,675000,982.8,16.38,97.064
2026-06-18T04:46:33,a2c_baseR_sincos_robust,a2c,46,True,True,True,375000,520.3,8.67,97.064
2026-06-18T04:54:23,a2c_baseR_sincos_robust,a2c,47,True,True,True,350000,469.5,7.83,96.544
2026-06-18T05:03:50,a2c_tunedR_sincos_robust,a2c,42,False,True,True,350000,563.1,9.38,26.755
2026-06-18T05:15:23,a2c_tunedR_sincos_robust,a2c,43,False,True,True,550000,692.4,11.54,90.231
2026-06-18T05:29:19,a2c_tunedR_sincos_robust,a2c,44,False,True,True,625000,832.7,13.88,25.405
2026-06-18T05:40:03,a2c_tunedR_sincos_robust,a2c,45,False,True,True,400000,641.6,10.69,26.748
2026-06-18T05:50:08,a2c_tunedR_sincos_robust,a2c,46,False,True,True,450000,603.8,10.06,137.113
2026-06-18T05:59:04,a2c_tunedR_sincos_robust,a2c,47,False,True,True,400000,535.1,8.92,97.065
2026-06-18T06:02:22,ppo_baseR,ppo,42,True,False,False,350000,195.8,3.26,162.066
2026-06-18T06:07:49,ppo_baseR,ppo,43,True,False,False,475000,326.8,5.45,156.79
2026-06-18T06:13:02,ppo_baseR,ppo,44,True,False,False,500000,312.1,5.2,165.722
2026-06-18T06:20:33,ppo_baseR,ppo,45,True,False,False,675000,449.5,7.49,166.1
2026-06-18T06:24:33,ppo_baseR,ppo,46,True,False,False,350000,238.6,3.98,158.404
2026-06-18T06:31:23,ppo_baseR,ppo,47,True,False,False,625000,409.1,6.82,171.054
2026-06-18T06:36:32,ppo_tunedR,ppo,42,False,False,False,550000,308.5,5.14,152.573
2026-06-18T06:41:12,ppo_tunedR,ppo,43,False,False,False,500000,280.4,4.67,145.515
2026-06-18T06:45:38,ppo_tunedR,ppo,44,False,False,False,475000,265.5,4.42,146.076
2026-06-18T06:48:55,ppo_tunedR,ppo,45,False,False,False,350000,196.3,3.27,145.547
2026-06-18T06:52:11,ppo_tunedR,ppo,46,False,False,False,350000,196.0,3.27,156.018
2026-06-18T06:55:48,ppo_tunedR,ppo,47,False,False,False,425000,216.6,3.61,158.776
2026-06-18T06:57:46,ppo_baseR_sincos,ppo,42,True,False,True,200000,116.5,1.94,181.344
2026-06-18T06:59:40,ppo_baseR_sincos,ppo,43,True,False,True,200000,113.5,1.89,181.042
2026-06-18T07:01:08,ppo_baseR_sincos,ppo,44,True,False,True,175000,87.6,1.46,180.388
2026-06-18T07:03:02,ppo_baseR_sincos,ppo,45,True,False,True,200000,112.5,1.87,181.057
2026-06-18T07:04:48,ppo_baseR_sincos,ppo,46,True,False,True,200000,105.3,1.76,180.834
2026-06-18T07:06:27,ppo_baseR_sincos,ppo,47,True,False,True,175000,95.8,1.6,180.218
2026-06-18T07:07:58,ppo_tunedR_sincos,ppo,42,False,False,True,175000,89.0,1.48,181.018
2026-06-18T07:09:33,ppo_tunedR_sincos,ppo,43,False,False,True,175000,94.2,1.57,180.362
2026-06-18T07:11:01,ppo_tunedR_sincos,ppo,44,False,False,True,175000,87.9,1.46,181.689
2026-06-18T07:12:34,ppo_tunedR_sincos,ppo,45,False,False,True,175000,91.6,1.53,181.844
2026-06-18T07:13:56,ppo_tunedR_sincos,ppo,46,False,False,True,150000,80.3,1.34,181.545
2026-06-18T07:15:13,ppo_tunedR_sincos,ppo,47,False,False,True,150000,76.4,1.27,180.253
2026-06-18T07:16:55,ppo_baseR_sincos_robust,ppo,42,True,True,True,200000,101.4,1.69,181.113
2026-06-18T07:19:44,ppo_baseR_sincos_robust,ppo,43,True,True,True,325000,168.5,2.81,181.235
2026-06-18T07:21:38,ppo_baseR_sincos_robust,ppo,44,True,True,True,225000,113.2,1.89,180.557
2026-06-18T07:23:05,ppo_baseR_sincos_robust,ppo,45,True,True,True,175000,87.1,1.45,181.354
2026-06-18T07:24:52,ppo_baseR_sincos_robust,ppo,46,True,True,True,200000,105.8,1.76,181.204
2026-06-18T07:27:17,ppo_baseR_sincos_robust,ppo,47,True,True,True,275000,144.7,2.41,180.883
2026-06-18T07:29:03,ppo_tunedR_sincos_robust,ppo,42,False,True,True,200000,103.1,1.72,181.507
2026-06-18T07:30:45,ppo_tunedR_sincos_robust,ppo,43,False,True,True,200000,101.0,1.68,181.114
2026-06-18T07:38:02,ppo_tunedR_sincos_robust,ppo,44,False,True,True,725000,435.8,7.26,172.903
2026-06-18T07:39:44,ppo_tunedR_sincos_robust,ppo,45,False,True,True,200000,101.0,1.68,180.577
2026-06-18T07:41:13,ppo_tunedR_sincos_robust,ppo,46,False,True,True,175000,88.3,1.47,181.356
2026-06-18T07:46:29,ppo_tunedR_sincos_robust,ppo,47,False,True,True,550000,314.7,5.24,172.051